{
  "project_info": {
    "project_number": "311344922594",
    "firebase_url": "https://adsp-747ec.firebaseio.com",
    "project_id": "adsp-747ec",
    "storage_bucket": "adsp-747ec.appspot.com"
  },
  "client": [
    {
      "client_info": {
        "mobilesdk_app_id": "1:311344922594:android:dfe85e3c2ef8c480",
        "android_client_info": {
          "package_name": "com.thanise.adsp"
        }
      },
      "oauth_client": [
        {
          "client_id": "311344922594-i962c7fdail25c1miacq33o1a0ujt1nr.apps.googleusercontent.com",
          "client_type": 1,
          "android_info": {
            "package_name": "com.thanise.adsp",
            "certificate_hash": "1ae46624136bdbf74764805d5e00466cdcba8186"
          }
        },
        {
          "client_id": "311344922594-3rg64duvtu635trj47gcs18fduef9002.apps.googleusercontent.com",
          "client_type": 3
        }
      ],
      "api_key": [
        {
          "current_key": "AIzaSyA-5avRT6UF-pJTHHuogxPkR4z1iTG4ngs"
        }
      ],
      "services": {
        "appinvite_service": {
          "other_platform_oauth_client": [
            {
              "client_id": "311344922594-3rg64duvtu635trj47gcs18fduef9002.apps.googleusercontent.com",
              "client_type": 3
            }
          ]
        }
      }
    }
  ],
  "configuration_version": "1"
}